N,pairs,secs
2000,58,0.1110271980001016
5000,363,0.5175084269999388
10000,1414,1.8441268579999812
