radius,N,pairs,secs
2,10000,146,1.6845374730000344
5,10000,474,1.835592494000025
10,10000,1414,1.8397685510001338
20,10000,5037,1.8366981870001382
60,10000,43103,1.8782149260000551
