N,oracle_calls,grover_sec
2000,100,0.0005856019997736
5000,694,0.0027822889996969
10000,2883,0.0109413780000977
