{
  "classical_CI": [
    1.7232729636000386,
    1.853918955400104
  ],
  "grover_CI": [
    0.00944207499999258,
    0.25500859719991237
  ]
}